1900/1/1,2.7
1900/2/1,3.7
1900/3/1,6.4
1900/4/1,11.9
1900/5/1,17.8
1900/6/1,19.6
1900/7/1,23.2
1900/8/1,26.5
1900/9/1,23.2
1900/10/1,17.4
1900/11/1,12.1
1900/12/1,6.8
1901/1/1,4.9
1901/2/1,4.5
1901/3/1,7.8
1901/4/1,13.8
1901/5/1,16.4
1901/6/1,20.8
1901/7/1,22.5
1901/8/1,25.6
1901/9/1,22.9
1901/10/1,17.7
1901/11/1,11.3
1901/12/1,6
1902/1/1,3.2
1902/2/1,4.5
1902/3/1,9.1
1902/4/1,12.1
1902/5/1,16.8
1902/6/1,20.2
1902/7/1,22.3
1902/8/1,23.3
1902/9/1,23.2
1902/10/1,17.1
1902/11/1,12.4
1902/12/1,8
1903/1/1,5.6
1903/2/1,4.9
1903/3/1,8.5
1903/4/1,13.2
1903/5/1,16.3
1903/6/1,20.1
1903/7/1,23.8
1903/8/1,26.2
1903/9/1,22.9
1903/10/1,15.9
1903/11/1,10.2
1903/12/1,5.3
1904/1/1,3
1904/2/1,5.1
1904/3/1,6.7
1904/4/1,13.5
1904/5/1,16
1904/6/1,22.3
1904/7/1,25.5
1904/8/1,25.6
1904/9/1,21.8
1904/10/1,17
1904/11/1,10.2
1904/12/1,6.2
1905/1/1,5.1
1905/2/1,3.5
1905/3/1,6.2
1905/4/1,11.4
1905/5/1,17.3
1905/6/1,21.3
1905/7/1,23.9
1905/8/1,22.9
1905/9/1,22.5
1905/10/1,16.8
1905/11/1,11.5
1905/12/1,7.8
1906/1/1,3.2
1906/2/1,3.4
1906/3/1,7.8
1906/4/1,13.3
1906/5/1,16.9
1906/6/1,18.9
1906/7/1,24.1
1906/8/1,25.2
1906/9/1,20.4
1906/10/1,15.8
1906/11/1,10.2
1906/12/1,7.1
1907/1/1,5
1907/2/1,3.6
1907/3/1,6.3
1907/4/1,12.7
1907/5/1,17.6
1907/6/1,19.6
1907/7/1,23.2
1907/8/1,26.3
1907/9/1,21.9
1907/10/1,16
1907/11/1,12.2
1907/12/1,5.7
1908/1/1,4.3
1908/2/1,4
1908/3/1,6.9
1908/4/1,12.8
1908/5/1,16.5
1908/6/1,21.3
1908/7/1,22.5
1908/8/1,25.7
1908/9/1,20
1908/10/1,16.7
1908/11/1,10.1
1908/12/1,5.8
1909/1/1,3.1
1909/2/1,3.9
1909/3/1,6.9
1909/4/1,14
1909/5/1,17.3
1909/6/1,20.6
1909/7/1,24.7
1909/8/1,25.8
1909/9/1,22.5
1909/10/1,15.5
1909/11/1,10.9
1909/12/1,5.5
1910/1/1,5.1
1910/2/1,3.7
1910/3/1,6.8
1910/4/1,12.4
1910/5/1,16.9
1910/6/1,21
1910/7/1,23.5
1910/8/1,24.5
1910/9/1,21.4
1910/10/1,16.7
1910/11/1,11.1
1910/12/1,5.4
1911/1/1,3.2
1911/2/1,6
1911/3/1,8.9
1911/4/1,14.1
1911/5/1,16.5
1911/6/1,21.2
1911/7/1,25
1911/8/1,26.2
1911/9/1,23.3
1911/10/1,16.6
1911/11/1,13.7
1911/12/1,6.2
1912/1/1,3.9
1912/2/1,7.1
1912/3/1,8.7
1912/4/1,13.7
1912/5/1,17.1
1912/6/1,20.5
1912/7/1,24.9
1912/8/1,25.8
1912/9/1,20.9
1912/10/1,16.5
1912/11/1,10.1
1912/12/1,5.8
1913/1/1,2.9
1913/2/1,4.9
1913/3/1,6.7
1913/4/1,14
1913/5/1,16.5
1913/6/1,20.8
1913/7/1,23.7
1913/8/1,24.2
1913/9/1,20.5
1913/10/1,16.2
1913/11/1,11.1
1913/12/1,6.2
1914/1/1,5.4
1914/2/1,4.2
1914/3/1,9.4
1914/4/1,12.3
1914/5/1,18
1914/6/1,21.8
1914/7/1,26
1914/8/1,26.6
1914/9/1,23.1
1914/10/1,16.8
1914/11/1,13.1
1914/12/1,7
1915/1/1,4.3
1915/2/1,5.1
1915/3/1,7.3
1915/4/1,12.2
1915/5/1,16.4
1915/6/1,22.5
1915/7/1,24.6
1915/8/1,26.3
1915/9/1,23.3
1915/10/1,18.1
1915/11/1,11.9
1915/12/1,7
1916/1/1,6.1
1916/2/1,5
1916/3/1,6.4
1916/4/1,13.3
1916/5/1,17.4
1916/6/1,23
1916/7/1,24.3
1916/8/1,25.3
1916/9/1,24.7
1916/10/1,16.6
1916/11/1,12.1
1916/12/1,7.7
1917/1/1,3.3
1917/2/1,4.9
1917/3/1,7
1917/4/1,13.2
1917/5/1,16.4
1917/6/1,20
1917/7/1,25.9
1917/8/1,25.4
1917/9/1,22.6
1917/10/1,17.7
1917/11/1,9.6
1917/12/1,5.3
1918/1/1,2.8
1918/2/1,4.6
1918/3/1,7.4
1918/4/1,12
1918/5/1,17.2
1918/6/1,20.5
1918/7/1,26.7
1918/8/1,26.8
1918/9/1,23.4
1918/10/1,16.8
1918/11/1,11.5
1918/12/1,5.1
1919/1/1,3.8
1919/2/1,4.6
1919/3/1,9
1919/4/1,14
1919/5/1,16.8
1919/6/1,20.2
1919/7/1,24
1919/8/1,25.6
1919/9/1,23.4
1919/10/1,17.1
1919/11/1,12.4
1919/12/1,6.3
1920/1/1,5
1920/2/1,3.6
1920/3/1,7.3
1920/4/1,13
1920/5/1,17.2
1920/6/1,20.9
1920/7/1,26.7
1920/8/1,26.1
1920/9/1,22.2
1920/10/1,17.2
1920/11/1,13.3
1920/12/1,6.2
1921/1/1,4.9
1921/2/1,4.4
1921/3/1,6.8
1921/4/1,14.1
1921/5/1,16.7
1921/6/1,19.1
1921/7/1,25.1
1921/8/1,25.9
1921/9/1,22
1921/10/1,16
1921/11/1,10.7
1921/12/1,6.4
1922/1/1,1.7
1922/2/1,7.7
1922/3/1,7.4
1922/4/1,13.6
1922/5/1,17.2
1922/6/1,22
1922/7/1,25.4
1922/8/1,27.9
1922/9/1,24.3
1922/10/1,17.6
1922/11/1,11.9
1922/12/1,5.1
1923/1/1,2.8
1923/2/1,3.5
1923/3/1,8.7
1923/4/1,12.5
1923/5/1,17.1
1923/6/1,20.7
1923/7/1,24.4
1923/8/1,27.5
1924/1/1,3.5
1924/2/1,4.9
1924/3/1,5.3
1924/4/1,14.4
1924/5/1,16.8
1924/6/1,19.3
1924/7/1,26
1924/8/1,25.8
1924/9/1,22
1924/10/1,15.5
1924/11/1,10.3
1924/12/1,5.7
1925/1/1,3.5
1925/2/1,2.8
1925/3/1,6.3
1925/4/1,11.8
1925/5/1,16
1925/6/1,20
1925/7/1,23.1
1925/8/1,25.5
1925/9/1,22.9
1925/10/1,16.3
1925/11/1,11.8
1925/12/1,7.5
1926/1/1,3.8
1926/2/1,4.6
1926/3/1,6.4
1926/4/1,11.6
1926/5/1,16.4
1926/6/1,18.9
1926/7/1,24.5
1926/8/1,26.4
1926/9/1,23.4
1926/10/1,15.1
1926/11/1,10.2
1926/12/1,4.9
1927/1/1,3.1
1927/2/1,2.2
1927/3/1,6.4
1927/4/1,13.3
1927/5/1,17.3
1927/6/1,20.2
1927/7/1,25.9
1927/8/1,26.4
1927/9/1,21.3
1927/10/1,16.7
1927/11/1,11.4
1927/12/1,6.3
1928/1/1,4.1
1928/2/1,3.4
1928/3/1,6.7
1928/4/1,12.3
1928/5/1,17.6
1928/6/1,19.8
1928/7/1,22.8
1928/8/1,23.5
1928/9/1,23.4
1928/10/1,16.5
1928/11/1,12
1928/12/1,5.9
1929/1/1,3.2
1929/2/1,3.3
1929/3/1,7.1
1929/4/1,12.4
1929/5/1,15.5
1929/6/1,20
1929/7/1,25.3
1929/8/1,26.4
1929/9/1,20.3
1929/10/1,16.4
1929/11/1,11.2
1929/12/1,8.9
1930/1/1,4
1930/2/1,5.2
1930/3/1,8.7
1930/4/1,13.6
1930/5/1,17.3
1930/6/1,20.9
1930/7/1,25.7
1930/8/1,26.2
1930/9/1,21.1
1930/10/1,16.6
1930/11/1,10.8
1930/12/1,5.7
1931/1/1,3.2
1931/2/1,2.5
1931/3/1,7.7
1931/4/1,12.1
1931/5/1,15.8
1931/6/1,19.9
1931/7/1,21.4
1931/8/1,25.8
1931/9/1,22.1
1931/10/1,16.2
1931/11/1,11.7
1931/12/1,7.5
1932/1/1,6.3
1932/2/1,4.3
1932/3/1,6.9
1932/4/1,11.9
1932/5/1,17.4
1932/6/1,19.3
1932/7/1,25
1932/8/1,25.8
1932/9/1,21.4
1932/10/1,16.2
1932/11/1,11.3
1932/12/1,6.5
1933/1/1,3.3
1933/2/1,3.6
1933/3/1,5.5
1933/4/1,12.1
1933/5/1,17.5
1933/6/1,21.3
1933/7/1,26
1933/8/1,26.8
1933/9/1,22.5
1933/10/1,16.7
1933/11/1,11.3
1933/12/1,6.7
1934/1/1,2.8
1934/2/1,3.9
1934/3/1,6.1
1934/4/1,11.4
1934/5/1,17.3
1934/6/1,21.3
1934/7/1,23.4
1934/8/1,25.6
1934/9/1,21.3
1934/10/1,14.5
1934/11/1,10.9
1934/12/1,6.2
1935/1/1,3.9
1935/2/1,4.9
1935/3/1,7
1935/4/1,12.1
1935/5/1,16.1
1935/6/1,21
1935/7/1,24
1935/8/1,24.5
1935/9/1,20.6
1935/10/1,16.9
1935/11/1,10.9
1935/12/1,5.9
1936/1/1,2.4
1936/2/1,2.4
1936/3/1,6.1
1936/4/1,11.8
1936/5/1,15.9
1936/6/1,21
1936/7/1,24.2
1936/8/1,26
1936/9/1,23.6
1936/10/1,15.8
1936/11/1,11.2
1936/12/1,6.7
1937/1/1,4.7
1937/2/1,5.7
1937/3/1,7.8
1937/4/1,12.5
1937/5/1,17.1
1937/6/1,18.9
1937/7/1,25.7
1937/8/1,27.5
1937/9/1,22.2
1937/10/1,16
1937/11/1,11.2
1937/12/1,6.1
1938/1/1,3.5
1938/2/1,3.3
1938/3/1,8.6
1938/4/1,13
1938/5/1,18.2
1938/6/1,20.4
1938/7/1,24.6
1938/8/1,25.4
1938/9/1,22
1938/10/1,16.6
1938/11/1,10.9
1938/12/1,6.3
1939/1/1,2.6
1939/2/1,3.9
1939/3/1,7.1
1939/4/1,12.5
1939/5/1,16.8
1939/6/1,20.2
1939/7/1,25.8
1939/8/1,25.3
1939/9/1,23.4
1939/10/1,17.7
1939/11/1,12.7
1939/12/1,6
1940/1/1,3.1
1940/2/1,3.7
1940/3/1,8.1
1940/4/1,12.8
1940/5/1,17.1
1940/6/1,21.3
1940/7/1,26
1940/8/1,24.3
1940/9/1,21.2
1940/10/1,17.4
1940/11/1,12.5
1940/12/1,6.7
1941/1/1,5.1
1941/2/1,4.9
1941/3/1,8.3
1941/4/1,12.3
1941/5/1,17
1941/6/1,20.3
1941/7/1,23.3
1941/8/1,24.8
1941/9/1,20.3
1941/10/1,17
1941/11/1,11.8
1941/12/1,7.4
1942/1/1,3.9
1942/2/1,2.8
1942/3/1,10.2
1942/4/1,13.2
1942/5/1,16.8
1942/6/1,21.4
1942/7/1,26.6
1942/8/1,26.5
1942/9/1,24.4
1942/10/1,16
1942/11/1,10.3
1942/12/1,5.9
1943/1/1,2.7
1943/2/1,4.3
1943/3/1,6.6
1943/4/1,11.2
1943/5/1,17.2
1943/6/1,20.7
1943/7/1,24.1
1943/8/1,26.4
1943/9/1,24
1943/10/1,16.9
1943/11/1,11
1943/12/1,6.1
1944/1/1,3.1
1944/2/1,3.6
1944/3/1,5.3
1944/4/1,10.3
1944/5/1,16.9
1944/6/1,21.5
1944/7/1,24.9
1944/8/1,26.6
1944/9/1,22.6
1944/10/1,16
1944/11/1,11
1944/12/1,4.9
1945/1/1,1.6
1945/2/1,1.5
1945/3/1,6.3
1945/4/1,13.2
1945/5/1,15.3
1945/6/1,20
1945/7/1,21.3
1945/8/1,25.9
1945/9/1,22.2
1945/10/1,16.7
1945/11/1,11.5
1945/12/1,5.9
1946/1/1,3.8
1946/2/1,4
1946/3/1,5.8
1946/4/1,13.9
1946/5/1,16.4
1946/6/1,22.2
1946/7/1,25.6
1946/8/1,25.9
1946/9/1,22.5
1946/10/1,17
1946/11/1,12.6
1946/12/1,5.7
1947/1/1,3.8
1947/2/1,2.7
1947/3/1,6.7
1947/4/1,12.7
1947/5/1,16.3
1947/6/1,18.8
1947/7/1,24.9
1947/8/1,27
1947/9/1,22.6
1947/10/1,15.6
1947/11/1,10.5
1947/12/1,4.7
1948/1/1,4.5
1948/2/1,4.9
1948/3/1,6.3
1948/4/1,13.8
1948/5/1,17.4
1948/6/1,20.9
1948/7/1,25.5
1948/8/1,24.7
1948/9/1,23.3
1948/10/1,17.3
1948/11/1,11.9
1948/12/1,8.5
1949/1/1,5.9
1949/2/1,6.6
1949/3/1,6.5
1949/4/1,11.4
1949/5/1,17.6
1949/6/1,18.7
1949/7/1,24.4
1949/8/1,26
1949/9/1,22
1949/10/1,15.9
1949/11/1,10.2
1949/12/1,6.5
1950/1/1,5.4
1950/2/1,5.2
1950/3/1,7.9
1950/4/1,13.5
1950/5/1,18.8
1950/6/1,21.4
1950/7/1,25.8
1950/8/1,25.8
1950/9/1,23.4
1950/10/1,15.5
1950/11/1,11.3
1950/12/1,6.2
1951/1/1,3.6
1951/2/1,4.8
1951/3/1,8.8
1951/4/1,13.1
1951/5/1,17.8
1951/6/1,20.6
1951/7/1,23.8
1951/8/1,26.4
1951/9/1,20.7
1951/10/1,17.2
1951/11/1,11.4
1951/12/1,7.7
1952/1/1,4.8
1952/2/1,2.7
1952/3/1,7.5
1952/4/1,13
1952/5/1,17.4
1952/6/1,20.9
1952/7/1,23.8
1952/8/1,26.4
1952/9/1,22.6
1952/10/1,16.8
1952/11/1,11.9
1952/12/1,5.7
1953/1/1,3.8
1953/2/1,4.5
1953/3/1,9.3
1953/4/1,12.3
1953/5/1,17.3
1953/6/1,20.2
1953/7/1,23.9
1953/8/1,24.4
1953/9/1,21.9
1953/10/1,16.8
1953/11/1,10.7
1953/12/1,8
1954/1/1,4.8
1954/2/1,5.9
1954/3/1,8.3
1954/4/1,14.7
1954/5/1,17.2
1954/6/1,17.9
1954/7/1,21.9
1954/8/1,26.6
1954/9/1,24.1
1954/10/1,15.3
1954/11/1,11.7
1954/12/1,7.6
1955/1/1,4.5
1955/2/1,6.3
1955/3/1,8.5
1955/4/1,13.6
1955/5/1,17.7
1955/6/1,22
1955/7/1,26.8
1955/8/1,25.7
1955/9/1,21.9
1955/10/1,17.4
1955/11/1,11.1
1955/12/1,8.3
1956/1/1,4.7
1956/2/1,4.6
1956/3/1,8.6
1956/4/1,12.9
1956/5/1,17.1
1956/6/1,21.7
1956/7/1,23.8
1956/8/1,24.8
1956/9/1,22.4
1956/10/1,17.1
1956/11/1,11.7
1956/12/1,5.3
1957/1/1,6
1957/2/1,4.2
1957/3/1,6.8
1957/4/1,14.1
1957/5/1,16.6
1957/6/1,19.4
1957/7/1,23.9
1957/8/1,26.7
1957/9/1,20.4
1957/10/1,16.8
1957/11/1,12.7
1957/12/1,8.2
1958/1/1,5.3
1958/2/1,6.1
1958/3/1,8.2
1958/4/1,13.6
1958/5/1,17.4
1958/6/1,21.2
1958/7/1,24.3
1958/8/1,25.4
1958/9/1,22.8
1958/10/1,15.8
1958/11/1,11.1
1958/12/1,8.2
1959/1/1,4.1
1959/2/1,7.3
1959/3/1,8.7
1959/4/1,14.9
1959/5/1,17.8
1959/6/1,19.9
1959/7/1,25.3
1959/8/1,26.1
1959/9/1,23.6
1959/10/1,17.4
1959/11/1,12.3
1959/12/1,7.3
1960/1/1,5.4
1960/2/1,6.9
1960/3/1,9.4
1960/4/1,12.5
1960/5/1,17.5
1960/6/1,21.1
1960/7/1,25.2
1960/8/1,26
1960/9/1,23.5
1960/10/1,16.6
1960/11/1,12.4
1960/12/1,7.1
1961/1/1,4.1
1961/2/1,4.5
1961/3/1,8.2
1961/4/1,14.7
1961/5/1,19.2
1961/6/1,22.1
1961/7/1,26.8
1961/8/1,26.4
1961/9/1,24.9
1961/10/1,18
1961/11/1,12.8
1961/12/1,7.4
1962/1/1,4.8
1962/2/1,5.9
1962/3/1,8.4
1962/4/1,13.7
1962/5/1,17.7
1962/6/1,20.5
1962/7/1,24.6
1962/8/1,27.4
1962/9/1,24.3
1962/10/1,16.5
1962/11/1,11.2
1962/12/1,7.4
1963/1/1,3.7
1963/2/1,4.7
1963/3/1,7.4
1963/4/1,13.6
1963/5/1,18
1963/6/1,21.3
1963/7/1,25.1
1963/8/1,25.9
1963/9/1,21
1963/10/1,16.2
1963/11/1,12.3
1963/12/1,8.4
1964/1/1,5.5
1964/2/1,4.1
1964/3/1,7.4
1964/4/1,15.2
1964/5/1,18.6
1964/6/1,21
1964/7/1,24.9
1964/8/1,27.3
1964/9/1,22.2
1964/10/1,16.2
1964/11/1,11.7
1964/12/1,7.6
1965/1/1,4.8
1965/2/1,5.1
1965/3/1,6.9
1965/4/1,11
1965/5/1,17.2
1965/6/1,21.6
1965/7/1,24.3
1965/8/1,26.5
1965/9/1,22
1965/10/1,16.7
1965/11/1,13.1
1965/12/1,7.2
1966/1/1,4.6
1966/2/1,7.1
1966/3/1,9.3
1966/4/1,13.3
1966/5/1,17.2
1966/6/1,19.7
1966/7/1,24
1966/8/1,26.3
1966/9/1,22.8
1966/10/1,18.2
1966/11/1,12.4
1966/12/1,6
1967/1/1,4
1967/2/1,4.3
1967/3/1,8.9
1967/4/1,13.7
1967/5/1,19.1
1967/6/1,22.4
1967/7/1,25.6
1967/8/1,27.2
1967/9/1,22.3
1967/10/1,16.4
1967/11/1,11.9
1967/12/1,6.3
1968/1/1,5.3
1968/2/1,3.7
1968/3/1,9.5
1968/4/1,13.6
1968/5/1,17.2
1968/6/1,21.2
1968/7/1,24.2
1968/8/1,26.2
1968/9/1,21.4
1968/10/1,16
1968/11/1,13.4
1968/12/1,9.9
1969/1/1,5.4
1969/2/1,5.4
1969/3/1,7.5
1969/4/1,14.2
1969/5/1,19
1969/6/1,21
1969/7/1,24
1969/8/1,26.5
1969/9/1,22.4
1969/10/1,16.5
1969/11/1,12.1
1969/12/1,7.4
1970/1/1,4.3
1970/2/1,5.8
1970/3/1,5.4
1970/4/1,12.6
1970/5/1,18.8
1970/6/1,20.1
1970/7/1,24.3
1970/8/1,26.3
1970/9/1,23.3
1970/10/1,17.1
1970/11/1,12.3
1970/12/1,6.4
1971/1/1,5
1971/2/1,5.4
1971/3/1,8
1971/4/1,13.2
1971/5/1,17.4
1971/6/1,21
1971/7/1,25.5
1971/8/1,26.7
1971/9/1,21.3
1971/10/1,15.6
1971/11/1,11.9
1971/12/1,8.2
1972/1/1,7.1
1972/2/1,5.4
1972/3/1,9.5
1972/4/1,13.4
1972/5/1,18.5
1972/6/1,21.3
1972/7/1,25.2
1972/8/1,26.3
1972/9/1,23.1
1972/10/1,18.4
1972/11/1,12.3
1972/12/1,8.3
1973/1/1,6.4
1973/2/1,6.8
1973/3/1,7.9
1973/4/1,15.1
1973/5/1,17.6
1973/6/1,19.7
1973/7/1,25.3
1973/8/1,27.6
1973/9/1,22.7
1973/10/1,16.9
1973/11/1,12
1973/12/1,6.5
1974/1/1,4.1
1974/2/1,4.8
1974/3/1,7
1974/4/1,14.4
1974/5/1,18.8
1974/6/1,21.5
1974/7/1,22.8
1974/8/1,26.4
1974/9/1,22.2
1974/10/1,17.3
1974/11/1,11.3
1974/12/1,6.3
1975/1/1,4.5
1975/2/1,4.7
1975/3/1,7.6
1975/4/1,13.7
1975/5/1,18.1
1975/6/1,21.1
1975/7/1,24.9
1975/8/1,26.4
1975/9/1,24.7
1975/10/1,17
1975/11/1,12.4
1975/12/1,6.6
1976/1/1,5.2
1976/2/1,6.6
1976/3/1,8.9
1976/4/1,12.8
1976/5/1,17.4
1976/6/1,21
1976/7/1,23.3
1976/8/1,24.9
1976/9/1,21.7
1976/10/1,17
1976/11/1,11.2
1976/12/1,7.1
1977/1/1,3.4
1977/2/1,4.8
1977/3/1,9
1977/4/1,14.7
1977/5/1,18
1977/6/1,20.3
1977/7/1,25.2
1977/8/1,24.4
1977/9/1,23.7
1977/10/1,18.1
1977/11/1,14.6
1977/12/1,8.8
1978/1/1,5.6
1978/2/1,4
1978/3/1,8.2
1978/4/1,13.4
1978/5/1,18.3
1978/6/1,22.9
1978/7/1,26.9
1978/8/1,27.8
1978/9/1,21.6
1978/10/1,16.9
1978/11/1,12.3
1978/12/1,8.2
1979/1/1,6.1
1979/2/1,8
1979/3/1,9.4
1979/4/1,13.4
1979/5/1,17.9
1979/6/1,23.3
1979/7/1,24.2
1979/8/1,26.6
1979/9/1,23.5
1979/10/1,18.9
1979/11/1,13.9
1979/12/1,9.7
1980/1/1,5.5
1980/2/1,4.8
1980/3/1,7.9
1980/4/1,13.2
1980/5/1,18.4
1980/6/1,22.8
1980/7/1,23.5
1980/8/1,23
1980/9/1,22.5
1980/10/1,18.1
1980/11/1,12.8
1980/12/1,7.6
1981/1/1,4.4
1981/2/1,5.3
1981/3/1,9
1981/4/1,14
1981/5/1,17.5
1981/6/1,20.1
1981/7/1,25.6
1981/8/1,25.8
1981/9/1,21.5
1981/10/1,17.5
1981/11/1,10.8
1981/12/1,7.8
1982/1/1,6
1982/2/1,5.6
1982/3/1,9.5
1982/4/1,13.1
1982/5/1,19.6
1982/6/1,20.6
1982/7/1,22
1982/8/1,26
1982/9/1,21.4
1982/10/1,17
1982/11/1,13.8
1982/12/1,8.7
1983/1/1,5.8
1983/2/1,5.4
1983/3/1,7.9
1983/4/1,15
1983/5/1,18.7
1983/6/1,19.6
1983/7/1,23
1983/8/1,26.4
1983/9/1,22.2
1983/10/1,16.7
1983/11/1,11.4
1983/12/1,6.5
1984/1/1,3
1984/2/1,2.5
1984/3/1,5.3
1984/4/1,11.1
1984/5/1,16.5
1984/6/1,21
1984/7/1,25.4
1984/8/1,27.4
1984/9/1,22.7
1984/10/1,17
1984/11/1,11.7
1984/12/1,7.4
1985/1/1,3.8
1985/2/1,6.2
1985/3/1,7.5
1985/4/1,13.7
1985/5/1,18.4
1985/6/1,19.5
1985/7/1,25.6
1985/8/1,26.9
1985/9/1,22.5
1985/10/1,17.4
1985/11/1,13
1985/12/1,7.3
1986/1/1,4.1
1986/2/1,3.9
1986/3/1,7.4
1986/4/1,13.4
1986/5/1,17.1
1986/6/1,20.3
1986/7/1,23.5
1986/8/1,26.1
1986/9/1,23.2
1986/10/1,16.5
1986/11/1,11.7
1986/12/1,8.3
1987/1/1,5.6
1987/2/1,6.5
1987/3/1,9
1987/4/1,13.8
1987/5/1,18.6
1987/6/1,21.3
1987/7/1,26
1987/8/1,26.6
1987/9/1,22.8
1987/10/1,18.5
1987/11/1,12.6
1987/12/1,7.9
1988/1/1,7.4
1988/2/1,4.7
1988/3/1,8
1988/4/1,13.9
1988/5/1,17.7
1988/6/1,21.6
1988/7/1,22
1988/8/1,26.2
1988/9/1,22.3
1988/10/1,17
1988/11/1,11.2
1988/12/1,7.9
1989/1/1,7.9
1989/2/1,7.3
1989/3/1,9.2
1989/4/1,14.9
1989/5/1,17.1
1989/6/1,20
1989/7/1,23.5
1989/8/1,26.4
1989/9/1,24.6
1989/10/1,17
1989/11/1,13.7
1989/12/1,8.6
1990/1/1,5.2
1990/2/1,7.5
1990/3/1,10.4
1990/4/1,14.3
1990/5/1,18.5
1990/6/1,22.6
1990/7/1,25.1
1990/8/1,27.9
1990/9/1,24.3
1990/10/1,18.8
1990/11/1,14.7
1990/12/1,9.8
1991/1/1,6
1991/2/1,6.3
1991/3/1,9.2
1991/4/1,14.8
1991/5/1,18.2
1991/6/1,22.7
1991/7/1,25.8
1991/8/1,25.2
1991/9/1,23.4
1991/10/1,17.7
1991/11/1,12.8
1991/12/1,9
1992/1/1,6.5
1992/2/1,6.8
1992/3/1,9.4
1992/4/1,14.8
1992/5/1,17
1992/6/1,20.1
1992/7/1,24.6
1992/8/1,26.4
1992/9/1,22.9
1992/10/1,16.8
1992/11/1,12.9
1992/12/1,9.3
1993/1/1,5.9
1993/2/1,7.4
1993/3/1,8.5
1993/4/1,13.1
1993/5/1,17.4
1993/6/1,21.1
1993/7/1,21.9
1993/8/1,24.5
1993/9/1,22.3
1993/10/1,17
1993/11/1,13.8
1993/12/1,8.6
1994/1/1,5.5
1994/2/1,6.2
1994/3/1,7.8
1994/4/1,15.3
1994/5/1,19
1994/6/1,21.7
1994/7/1,27.4
1994/8/1,28.2
1994/9/1,24.1
1994/10/1,19.7
1994/11/1,13.1
1994/12/1,8.7
1995/1/1,6
1995/2/1,6.1
1995/3/1,8.5
1995/4/1,14.5
1995/5/1,18.6
1995/6/1,19.9
1995/7/1,25.6
1995/8/1,28.5
1995/9/1,23.1
1995/10/1,19
1995/11/1,12.5
1995/12/1,7.5
1996/1/1,6.4
1996/2/1,5.2
1996/3/1,8.9
1996/4/1,12.1
1996/5/1,17.6
1996/6/1,21.9
1996/7/1,25.4
1996/8/1,25.5
1996/9/1,21.8
1996/10/1,17.5
1996/11/1,13
1996/12/1,9.1
1997/1/1,6.6
1997/2/1,6.7
1997/3/1,10.2
1997/4/1,14.7
1997/5/1,18.5
1997/6/1,21.8
1997/7/1,25.6
1997/8/1,26.3
1997/9/1,22.5
1997/10/1,18.1
1997/11/1,14
1997/12/1,8.9
1998/1/1,5.1
1998/2/1,6.8
1998/3/1,9.8
1998/4/1,15.7
1998/5/1,19.9
1998/6/1,20.8
1998/7/1,24.7
1998/8/1,26.8
1998/9/1,23.7
1998/10/1,19.6
1998/11/1,13.8
1998/12/1,8.7
1999/1/1,6.3
1999/2/1,6.3
1999/3/1,9.6
1999/4/1,14.4
1999/5/1,19.2
1999/6/1,22
1999/7/1,25.2
1999/8/1,27.8
1999/9/1,25.6
1999/10/1,19.2
1999/11/1,13.9
1999/12/1,8.9
2000/1/1,7.3
2000/2/1,5.6
2000/3/1,9
2000/4/1,14
2000/5/1,19.1
2000/6/1,21.4
2000/7/1,26.4
2000/8/1,27.2
2000/9/1,24.4
2000/10/1,18.1
2000/11/1,12.8
2000/12/1,8.5
2001/1/1,4.6
2001/2/1,6.2
2001/3/1,9.4
2001/4/1,15
2001/5/1,18.7
2001/6/1,22.2
2001/7/1,27.4
2001/8/1,25.8
2001/9/1,22.6
2001/10/1,18.1
2001/11/1,12.4
2001/12/1,8
2002/1/1,7.2
2002/2/1,7.4
2002/3/1,11.8
2002/4/1,15.6
2002/5/1,17.7
2002/6/1,20.7
2002/7/1,26.9
2002/8/1,27.3
2002/9/1,22.5
2002/10/1,18.4
2002/11/1,11.2
2002/12/1,7
2003/1/1,5.2
2003/2/1,6.1
2003/3/1,8.3
2003/4/1,14.7
2003/5/1,18.3
2003/6/1,22.5
2003/7/1,22.4
2003/8/1,25.3
2003/9/1,23.7
2003/10/1,17.3
2003/11/1,14.1
2003/12/1,9.1
2004/1/1,6
2004/2/1,8.3
2004/3/1,9.5
2004/4/1,15.9
2004/5/1,19.1
2004/6/1,23
2004/7/1,27.5
2004/8/1,26.4
2004/9/1,24.6
2004/10/1,17.2
2004/11/1,15.1
2004/12/1,9.8
2005/1/1,6.1
2005/2/1,6
2005/3/1,9
2005/4/1,14.7
2005/5/1,17.3
2005/6/1,22.3
2005/7/1,24.9
2005/8/1,27.2
2005/9/1,24.1
2005/10/1,18.8
2005/11/1,12.8
2005/12/1,6.3
2006/1/1,4.8
2006/2/1,6.5
2006/3/1,9.6
2006/4/1,13.3
2006/5/1,18.3
2006/6/1,21.9
2006/7/1,24.8
2006/8/1,26.7
2006/9/1,23.1
2006/10/1,19.2
2006/11/1,14.1
2006/12/1,9.2
2007/1/1,7.3
2007/2/1,8.4
2007/3/1,10.6
2007/4/1,13.5
2007/5/1,19.1
2007/6/1,22.4
2007/7/1,23.8
2007/8/1,28
2007/9/1,24.5
2007/10/1,18.7
2007/11/1,13.1
2007/12/1,8.9
2008/1/1,5.9
2008/2/1,5.4
2008/3/1,10.4
2008/4/1,14.3
2008/5/1,18
2008/6/1,20.7
2008/7/1,26.4
2008/8/1,26.5
2008/9/1,23.9
2008/10/1,19
2008/11/1,13
2008/12/1,9.7
2009/1/1,6.7
2009/2/1,7.8
2009/3/1,9.7
2009/4/1,15.3
2009/5/1,19.4
2009/6/1,21.8
2009/7/1,25.3
2009/8/1,26.1
2009/9/1,22.6
2009/10/1,18.5
2009/11/1,13.2
2009/12/1,9
2010/1/1,7.1
2010/2/1,6.6
2010/3/1,9.1
2010/4/1,12.2
2010/5/1,18.4
2010/6/1,22.8
2010/7/1,27.1
2010/8/1,28.6
2010/9/1,24.7
2010/10/1,18.6
2010/11/1,13.4
2010/12/1,9.9
2011/1/1,5.3
2011/2/1,7.2
2011/3/1,8.1
2011/4/1,14.5
2011/5/1,18.2
2011/6/1,22.4
2011/7/1,26.7
2011/8/1,27.1
2011/9/1,24.9
2011/10/1,19.2
2011/11/1,14.8
2011/12/1,7.5
2012/1/1,4.8
2012/2/1,5.4
2012/3/1,8.6
2012/4/1,14
2012/5/1,18.9
2012/6/1,20.8
2012/7/1,25.5
2012/8/1,28.1
2012/9/1,25.4
2012/10/1,19
2012/11/1,12.4
2012/12/1,7.2
2013/1/1,5.4
2013/2/1,5.8
2013/3/1,12
2013/4/1,14.8
2013/5/1,19.1
2013/6/1,22
2013/7/1,26.3
2013/8/1,28.4
2013/9/1,24.5
2013/10/1,19.4
2013/11/1,13.2
2013/12/1,8.2
2014/1/1,6.4
2014/2/1,5.8
2014/3/1,10.1
2014/4/1,14.3
2014/5/1,19.5
2014/6/1,22.6
2014/7/1,25.9
2014/8/1,26.8
2014/9/1,22.8
2014/10/1,18.6
2014/11/1,14
2014/12/1,7.5
2015/1/1,6.2
2015/2/1,6.4
2015/3/1,10.5
2015/4/1,14.6
2015/5/1,20.8
2015/6/1,21.9
2015/7/1,26
2015/8/1,26.8
2015/9/1,22.9
2015/10/1,18.9
2015/11/1,14.7
2015/12/1,10.1
2016/1/1,6.9
2016/2/1,7.8
2016/3/1,10.5
2016/4/1,15.7
2016/5/1,20.2
2016/6/1,22.3
2016/7/1,25.4
2016/8/1,27.4
2016/9/1,24.6
2016/10/1,19.3
2016/11/1,12.1
2016/12/1,10
2017/1/1,6.8
2017/2/1,7.5
2017/3/1,8.9
2017/4/1,14.9
2017/5/1,20
2017/6/1,22
2017/7/1,27.1
2017/8/1,26.6
2017/9/1,23.2
2017/10/1,17.3
2017/11/1,13
2017/12/1,7.7
2018/1/1,5.6
